{"cameraMode":{"drawMode":0,"name":"Shaded","section":"Shading Mode"},"sceneLighting":true,"audioPlay":false,"sceneViewState":{"m_AlwaysRefresh":false,"showFog":true,"showSkybox":true,"showFlares":true,"showImageEffects":true,"showParticleSystems":true,"showVisualEffectGraphs":true,"m_FxEnabled":true},"in2DMode":false,"pivot":{"x":56.63307189941406,"y":-27.552719116210939,"z":39.10635757446289},"rotation":{"x":0.14077743887901307,"y":-0.8561191558837891,"z":0.3099869191646576,"w":0.38880422711372378},"size":53.925132751464847,"orthographic":false}